{
  "model_results": {
    "yearly": {
      "linear_regression": {
        "metrics": {
          "mae": 32.321212121212135,
          "mse": 1589.9201101928386,
          "rmse": 39.8738023041801,
          "r2": -0.45656361886558905,
          "mape": 0.30455349925046904
        },
        "y_test": [
          108,
          104,
          176
        ],
        "y_pred": [
          146.0,
          161.65454545454548,
          177.3090909090909
        ],
        "test_dates": [
          2023.0,
          2024.0,
          2025.0
        ]
      },
      "random_forest": {
        "metrics": {
          "mae": 34.50666666666667,
          "mse": 1195.3237333333336,
          "rmse": 34.57345417127617,
          "r2": -0.09506449511400672,
          "mape": 0.280221013554347
        },
        "y_test": [
          108,
          104,
          176
        ],
        "y_pred": [
          139.52,
          139.52,
          139.52
        ],
        "test_dates": [
          2023.0,
          2024.0,
          2025.0
        ]
      },
      "xgboost": {
        "metrics": {
          "mae": 45.999629974365234,
          "mse": 3086.5673828125,
          "rmse": 55.556884207202444,
          "r2": -1.8276777267456055,
          "mape": 0.43184565839131017
        },
        "y_test": [
          108,
          104,
          176
        ],
        "y_pred": [
          173.99888610839844,
          173.99888610839844,
          173.99888610839844
        ],
        "test_dates": [
          2023.0,
          2024.0,
          2025.0
        ]
      }
    },
    "monthly": {
      "linear_regression": {
        "metrics": {
          "mae": 7.303446966762003,
          "mse": 98.5845440876976,
          "rmse": 9.928974976688057,
          "r2": 0.11324419931479202,
          "mape": 1.591820846993617
        },
        "y_test": [
          7,
          15,
          9,
          6,
          4,
          1,
          10,
          2,
          9,
          13,
          17,
          10,
          8,
          13,
          10,
          7,
          4,
          1,
          21,
          46,
          13,
          31,
          24,
          32,
          8
        ],
        "y_pred": [
          11.780624620259111,
          11.475330490694624,
          11.305832983178707,
          11.362717364532443,
          11.675910057273255,
          11.370516279600366,
          12.021777790534633,
          12.664214541454202,
          13.170854670325198,
          13.451112910326543,
          13.475062838940811,
          13.281455638700129,
          12.967336749120939,
          12.662042619556452,
          12.492545112040538,
          12.549429493394271,
          12.862622186135084,
          12.557228408462194,
          13.208489919396463,
          13.850926670316031,
          14.357566799187026,
          14.637825039188373,
          14.661774967802641,
          14.468167767561958,
          14.154048877982769
        ],
        "test_dates": [
          "2023-08-01 00:00:00",
          "2023-09-01 00:00:00",
          "2023-10-01 00:00:00",
          "2023-11-01 00:00:00",
          "2023-12-01 00:00:00",
          "2024-01-01 00:00:00",
          "2024-02-01 00:00:00",
          "2024-03-01 00:00:00",
          "2024-04-01 00:00:00",
          "2024-05-01 00:00:00",
          "2024-06-01 00:00:00",
          "2024-07-01 00:00:00",
          "2024-08-01 00:00:00",
          "2024-09-01 00:00:00",
          "2024-10-01 00:00:00",
          "2024-11-01 00:00:00",
          "2024-12-01 00:00:00",
          "2025-01-01 00:00:00",
          "2025-02-01 00:00:00",
          "2025-03-01 00:00:00",
          "2025-04-01 00:00:00",
          "2025-05-01 00:00:00",
          "2025-06-01 00:00:00",
          "2025-07-01 00:00:00",
          "2025-08-01 00:00:00"
        ]
      },
      "random_forest": {
        "metrics": {
          "mae": 7.978400000000001,
          "mse": 126.50653333333335,
          "rmse": 11.247512317545304,
          "r2": -0.1379106460959838,
          "mape": 1.3133747020903757
        },
        "y_test": [
          7,
          15,
          9,
          6,
          4,
          1,
          10,
          2,
          9,
          13,
          17,
          10,
          8,
          13,
          10,
          7,
          4,
          1,
          21,
          46,
          13,
          31,
          24,
          32,
          8
        ],
        "y_pred": [
          13.66,
          14.12,
          14.333333333333334,
          14.76,
          14.006666666666666,
          8.606666666666667,
          8.246666666666666,
          6.44,
          11.133333333333333,
          13.946666666666667,
          12.72,
          13.44,
          13.66,
          14.12,
          14.333333333333334,
          14.76,
          14.006666666666666,
          8.606666666666667,
          8.246666666666666,
          6.44,
          11.133333333333333,
          13.946666666666667,
          12.72,
          13.44,
          13.66
        ],
        "test_dates": [
          "2023-08-01 00:00:00",
          "2023-09-01 00:00:00",
          "2023-10-01 00:00:00",
          "2023-11-01 00:00:00",
          "2023-12-01 00:00:00",
          "2024-01-01 00:00:00",
          "2024-02-01 00:00:00",
          "2024-03-01 00:00:00",
          "2024-04-01 00:00:00",
          "2024-05-01 00:00:00",
          "2024-06-01 00:00:00",
          "2024-07-01 00:00:00",
          "2024-08-01 00:00:00",
          "2024-09-01 00:00:00",
          "2024-10-01 00:00:00",
          "2024-11-01 00:00:00",
          "2024-12-01 00:00:00",
          "2025-01-01 00:00:00",
          "2025-02-01 00:00:00",
          "2025-03-01 00:00:00",
          "2025-04-01 00:00:00",
          "2025-05-01 00:00:00",
          "2025-06-01 00:00:00",
          "2025-07-01 00:00:00",
          "2025-08-01 00:00:00"
        ]
      },
      "xgboost": {
        "metrics": {
          "mae": 8.220314025878906,
          "mse": 145.2499542236328,
          "rmse": 12.05196889407008,
          "r2": -0.3065054416656494,
          "mape": 1.091756294985699
        },
        "y_test": [
          7,
          15,
          9,
          6,
          4,
          1,
          10,
          2,
          9,
          13,
          17,
          10,
          8,
          13,
          10,
          7,
          4,
          1,
          21,
          46,
          13,
          31,
          24,
          32,
          8
        ],
        "y_pred": [
          13.924589157104492,
          13.815061569213867,
          13.74850845336914,
          14.60427474975586,
          13.894110679626465,
          6.613515377044678,
          5.49158239364624,
          2.006054401397705,
          10.501724243164062,
          13.875144004821777,
          10.001781463623047,
          13.999700546264648,
          13.924589157104492,
          13.815061569213867,
          13.74850845336914,
          14.60427474975586,
          13.894110679626465,
          6.613515377044678,
          5.49158239364624,
          2.006054401397705,
          10.501724243164062,
          13.875144004821777,
          10.001781463623047,
          13.999700546264648,
          13.924589157104492
        ],